start_id,end_id,type
https://openalex.org/W2101234009,https://openalex.org/A5105141183,WRITTEN_BY
https://openalex.org/A5105141183,https://openalex.org/I4210128565,AFFILIATED_WITH
https://openalex.org/A5105141183,https://openalex.org/I2738703131,AFFILIATED_WITH
https://openalex.org/W2101234009,https://openalex.org/A5074733625,WRITTEN_BY
https://openalex.org/A5074733625,https://openalex.org/I2738703131,AFFILIATED_WITH
https://openalex.org/A5074733625,https://openalex.org/I4210128565,AFFILIATED_WITH
https://openalex.org/W2101234009,https://openalex.org/A5018256474,WRITTEN_BY
https://openalex.org/A5018256474,https://openalex.org/I2738703131,AFFILIATED_WITH
https://openalex.org/A5018256474,https://openalex.org/I4210128565,AFFILIATED_WITH
https://openalex.org/W2101234009,https://openalex.org/A5027430303,WRITTEN_BY
https://openalex.org/A5027430303,https://openalex.org/I2738703131,AFFILIATED_WITH
https://openalex.org/A5027430303,https://openalex.org/I4210128565,AFFILIATED_WITH
https://openalex.org/W2101234009,https://openalex.org/A5026762833,WRITTEN_BY
https://openalex.org/A5026762833,https://openalex.org/I2738703131,AFFILIATED_WITH
https://openalex.org/A5026762833,https://openalex.org/I4210128565,AFFILIATED_WITH
https://openalex.org/W2101234009,https://openalex.org/A5112700874,WRITTEN_BY
https://openalex.org/A5112700874,https://openalex.org/I4210131947,AFFILIATED_WITH
https://openalex.org/W2101234009,https://openalex.org/A5049123454,WRITTEN_BY
https://openalex.org/A5049123454,https://openalex.org/I65837984,AFFILIATED_WITH
https://openalex.org/W2101234009,https://openalex.org/A5088660184,WRITTEN_BY
https://openalex.org/A5088660184,https://openalex.org/I51441396,AFFILIATED_WITH
https://openalex.org/W2101234009,https://openalex.org/A5103273436,WRITTEN_BY
https://openalex.org/A5103273436,https://openalex.org/I4210148186,AFFILIATED_WITH
https://openalex.org/W2101234009,https://openalex.org/A5087957070,WRITTEN_BY
https://openalex.org/W2101234009,https://openalex.org/A5038304150,WRITTEN_BY
https://openalex.org/A5038304150,https://openalex.org/I201448701,AFFILIATED_WITH
https://openalex.org/W2101234009,https://openalex.org/A5034029772,WRITTEN_BY
https://openalex.org/A5034029772,https://openalex.org/I177605424,AFFILIATED_WITH
https://openalex.org/A5034029772,https://openalex.org/I24603500,AFFILIATED_WITH
https://openalex.org/W2101234009,https://openalex.org/A5023051838,WRITTEN_BY
https://openalex.org/A5023051838,https://openalex.org/I4210121859,AFFILIATED_WITH
https://openalex.org/W2101234009,https://openalex.org/A5050910015,WRITTEN_BY
https://openalex.org/A5050910015,https://openalex.org/I103084370,AFFILIATED_WITH
https://openalex.org/W2101234009,https://openalex.org/A5107933380,WRITTEN_BY
https://openalex.org/W2101234009,https://openalex.org/A5007095962,WRITTEN_BY
https://openalex.org/W2101234009,https://openalex.org/C519991488,RELATED_TO
https://openalex.org/W2101234009,https://openalex.org/C56666940,RELATED_TO
https://openalex.org/W2101234009,https://openalex.org/C41008148,RELATED_TO
https://openalex.org/W2101234009,https://openalex.org/C174183944,RELATED_TO
https://openalex.org/W2101234009,https://openalex.org/C154945302,RELATED_TO
https://openalex.org/W2101234009,https://openalex.org/C119857082,RELATED_TO
https://openalex.org/W2101234009,https://openalex.org/C199360897,RELATED_TO
https://openalex.org/W2101234009,https://openalex.org/C2780560020,RELATED_TO
https://openalex.org/W2101234009,https://openalex.org/C115903868,RELATED_TO
https://openalex.org/W2101234009,https://openalex.org/C111919701,RELATED_TO
https://openalex.org/W3023540311,https://openalex.org/C41008148,RELATED_TO
https://openalex.org/W3023540311,https://openalex.org/C154945302,RELATED_TO
https://openalex.org/W3023540311,https://openalex.org/C119857082,RELATED_TO
https://openalex.org/W3023540311,https://openalex.org/C161164918,RELATED_TO
https://openalex.org/W3023540311,https://openalex.org/C11413529,RELATED_TO
https://openalex.org/W3023540311,https://openalex.org/C8880873,RELATED_TO
https://openalex.org/W3023540311,https://openalex.org/C4935549,RELATED_TO
https://openalex.org/W2125055259,https://openalex.org/A5110271944,WRITTEN_BY
https://openalex.org/A5110271944,https://openalex.org/I129604602,AFFILIATED_WITH
https://openalex.org/W2125055259,https://openalex.org/C41008148,RELATED_TO
https://openalex.org/W2125055259,https://openalex.org/C112968700,RELATED_TO
https://openalex.org/W2125055259,https://openalex.org/C95623464,RELATED_TO
https://openalex.org/W2125055259,https://openalex.org/C119857082,RELATED_TO
https://openalex.org/W2125055259,https://openalex.org/C154945302,RELATED_TO
https://openalex.org/W2125055259,https://openalex.org/C43126263,RELATED_TO
https://openalex.org/W2125055259,https://openalex.org/C67953723,RELATED_TO
https://openalex.org/W2125055259,https://openalex.org/C2777904410,RELATED_TO
https://openalex.org/W2125055259,https://openalex.org/C84525736,RELATED_TO
https://openalex.org/W2125055259,https://openalex.org/C198531522,RELATED_TO
https://openalex.org/W2125055259,https://openalex.org/C115903868,RELATED_TO
https://openalex.org/W2125055259,https://openalex.org/C124101348,RELATED_TO
https://openalex.org/W2125055259,https://openalex.org/C199360897,RELATED_TO
https://openalex.org/W2125055259,https://openalex.org/C111919701,RELATED_TO
https://openalex.org/W2125055259,https://openalex.org/C185592680,RELATED_TO
https://openalex.org/W2125055259,https://openalex.org/C43617362,RELATED_TO
https://openalex.org/W1663973292,https://openalex.org/A5107867713,WRITTEN_BY
https://openalex.org/A5107867713,https://openalex.org/I4210164937,AFFILIATED_WITH
https://openalex.org/W1663973292,https://openalex.org/C41008148,RELATED_TO
https://openalex.org/W1663973292,https://openalex.org/C57177791,RELATED_TO
https://openalex.org/W1663973292,https://openalex.org/C2780428219,RELATED_TO
https://openalex.org/W1663973292,https://openalex.org/C2522767166,RELATED_TO
https://openalex.org/W1663973292,https://openalex.org/C154945302,RELATED_TO
https://openalex.org/W1663973292,https://openalex.org/C127413603,RELATED_TO
https://openalex.org/W1663973292,https://openalex.org/C78519656,RELATED_TO
https://openalex.org/W3120740533,https://openalex.org/A5011959718,WRITTEN_BY
https://openalex.org/W3120740533,https://openalex.org/C41008148,RELATED_TO
https://openalex.org/W3120740533,https://openalex.org/C154945302,RELATED_TO
https://openalex.org/W1570448133,https://openalex.org/A5045934263,WRITTEN_BY
https://openalex.org/W1570448133,https://openalex.org/A5059992863,WRITTEN_BY
https://openalex.org/W1570448133,https://openalex.org/A5065290010,WRITTEN_BY
https://openalex.org/W1570448133,https://openalex.org/C41008148,RELATED_TO
https://openalex.org/W1570448133,https://openalex.org/C119857082,RELATED_TO
https://openalex.org/W1570448133,https://openalex.org/C2522767166,RELATED_TO
https://openalex.org/W1570448133,https://openalex.org/C124101348,RELATED_TO
https://openalex.org/W1570448133,https://openalex.org/C154945302,RELATED_TO
https://openalex.org/W4211049957,https://openalex.org/A5108711177,WRITTEN_BY
https://openalex.org/W4211049957,https://openalex.org/A5080713659,WRITTEN_BY
https://openalex.org/W4211049957,https://openalex.org/C154945302,RELATED_TO
https://openalex.org/W4211049957,https://openalex.org/C41008148,RELATED_TO
https://openalex.org/W4211049957,https://openalex.org/C119857082,RELATED_TO
https://openalex.org/W4211049957,https://openalex.org/C61326573,RELATED_TO
https://openalex.org/W4211049957,https://openalex.org/C163716315,RELATED_TO
https://openalex.org/W4211049957,https://openalex.org/C185592680,RELATED_TO
https://openalex.org/W4211049957,https://openalex.org/C147597530,RELATED_TO
https://openalex.org/W1639032689,https://openalex.org/A5110057218,WRITTEN_BY
https://openalex.org/W1639032689,https://openalex.org/C75608658,RELATED_TO
https://openalex.org/W1639032689,https://openalex.org/C41008148,RELATED_TO
https://openalex.org/W1639032689,https://openalex.org/C110332635,RELATED_TO
https://openalex.org/W1639032689,https://openalex.org/C8880873,RELATED_TO
https://openalex.org/W1639032689,https://openalex.org/C119857082,RELATED_TO
https://openalex.org/W1639032689,https://openalex.org/C154945302,RELATED_TO
https://openalex.org/W1639032689,https://openalex.org/C161164918,RELATED_TO
https://openalex.org/W1639032689,https://openalex.org/C80444323,RELATED_TO
https://openalex.org/W1639032689,https://openalex.org/C11413529,RELATED_TO
https://openalex.org/W1639032689,https://openalex.org/C199360897,RELATED_TO
https://openalex.org/W1639032689,https://openalex.org/C4935549,RELATED_TO
https://openalex.org/W1746819321,https://openalex.org/A5108711177,WRITTEN_BY
https://openalex.org/A5108711177,https://openalex.org/I4210112925,AFFILIATED_WITH
https://openalex.org/A5108711177,https://openalex.org/I149899117,AFFILIATED_WITH
https://openalex.org/W1746819321,https://openalex.org/A5080713659,WRITTEN_BY
https://openalex.org/W1746819321,https://openalex.org/C119857082,RELATED_TO
https://openalex.org/W1746819321,https://openalex.org/C154945302,RELATED_TO
https://openalex.org/W1746819321,https://openalex.org/C41008148,RELATED_TO
https://openalex.org/W1746819321,https://openalex.org/C115903097,RELATED_TO
https://openalex.org/W1746819321,https://openalex.org/C61326573,RELATED_TO
https://openalex.org/W1746819321,https://openalex.org/C49937458,RELATED_TO
https://openalex.org/W1746819321,https://openalex.org/C14948415,RELATED_TO
https://openalex.org/W1746819321,https://openalex.org/C12267149,RELATED_TO
https://openalex.org/W1746819321,https://openalex.org/C122280245,RELATED_TO
https://openalex.org/W1746819321,https://openalex.org/C50644808,RELATED_TO
https://openalex.org/W1746819321,https://openalex.org/C163716315,RELATED_TO
https://openalex.org/W1746819321,https://openalex.org/C121332964,RELATED_TO
https://openalex.org/W1746819321,https://openalex.org/C62520636,RELATED_TO
https://openalex.org/W2084812512,https://openalex.org/A5043442839,WRITTEN_BY
https://openalex.org/W2084812512,https://openalex.org/C41008148,RELATED_TO
https://openalex.org/W2084812512,https://openalex.org/C77088390,RELATED_TO
https://openalex.org/W2084812512,https://openalex.org/C154945302,RELATED_TO
https://openalex.org/W1503398984,https://openalex.org/A5103362817,WRITTEN_BY
https://openalex.org/W1503398984,https://openalex.org/C41008148,RELATED_TO
https://openalex.org/W1503398984,https://openalex.org/C49937458,RELATED_TO
https://openalex.org/W1503398984,https://openalex.org/C154945302,RELATED_TO
https://openalex.org/W1503398984,https://openalex.org/C9652623,RELATED_TO
https://openalex.org/W1503398984,https://openalex.org/C152565575,RELATED_TO
https://openalex.org/W1503398984,https://openalex.org/C173801870,RELATED_TO
https://openalex.org/W1503398984,https://openalex.org/C119857082,RELATED_TO
https://openalex.org/W1503398984,https://openalex.org/C155846161,RELATED_TO
https://openalex.org/W1503398984,https://openalex.org/C2776135515,RELATED_TO
https://openalex.org/W1503398984,https://openalex.org/C2777904410,RELATED_TO
https://openalex.org/W1503398984,https://openalex.org/C199360897,RELATED_TO
https://openalex.org/W1503398984,https://openalex.org/C33923547,RELATED_TO
https://openalex.org/W1503398984,https://openalex.org/C202444582,RELATED_TO
https://openalex.org/W4212863985,https://openalex.org/C41008148,RELATED_TO
https://openalex.org/W4212863985,https://openalex.org/C154945302,RELATED_TO
https://openalex.org/W4212863985,https://openalex.org/C153180895,RELATED_TO
https://openalex.org/W1504694836,https://openalex.org/A5010384159,WRITTEN_BY
https://openalex.org/A5010384159,https://openalex.org/I145311948,AFFILIATED_WITH
https://openalex.org/W1504694836,https://openalex.org/A5071525910,WRITTEN_BY
https://openalex.org/W1504694836,https://openalex.org/C75306776,RELATED_TO
https://openalex.org/W1504694836,https://openalex.org/C154945302,RELATED_TO
https://openalex.org/W1504694836,https://openalex.org/C41008148,RELATED_TO
https://openalex.org/W1504694836,https://openalex.org/C84525736,RELATED_TO
https://openalex.org/W1504694836,https://openalex.org/C119857082,RELATED_TO
https://openalex.org/W1504694836,https://openalex.org/C2777855551,RELATED_TO
https://openalex.org/W1504694836,https://openalex.org/C183931066,RELATED_TO
https://openalex.org/W1504694836,https://openalex.org/C5481197,RELATED_TO
https://openalex.org/W1504694836,https://openalex.org/C10229987,RELATED_TO
https://openalex.org/W1504694836,https://openalex.org/C136764020,RELATED_TO
https://openalex.org/W1504694836,https://openalex.org/C33923547,RELATED_TO
https://openalex.org/W1504694836,https://openalex.org/C134306372,RELATED_TO
https://openalex.org/W1534477342,https://openalex.org/A5074537073,WRITTEN_BY
https://openalex.org/A5074537073,https://openalex.org/I131249849,AFFILIATED_WITH
https://openalex.org/W1534477342,https://openalex.org/C41008148,RELATED_TO
https://openalex.org/W1534477342,https://openalex.org/C22019652,RELATED_TO
https://openalex.org/W1534477342,https://openalex.org/C45942800,RELATED_TO
https://openalex.org/W1534477342,https://openalex.org/C46686674,RELATED_TO
https://openalex.org/W1534477342,https://openalex.org/C141404830,RELATED_TO
https://openalex.org/W1534477342,https://openalex.org/C154945302,RELATED_TO
https://openalex.org/W1534477342,https://openalex.org/C119857082,RELATED_TO
https://openalex.org/W1534477342,https://openalex.org/C95623464,RELATED_TO
https://openalex.org/W1534477342,https://openalex.org/C107673813,RELATED_TO
https://openalex.org/W1534477342,https://openalex.org/C153180895,RELATED_TO
https://openalex.org/W1534477342,https://openalex.org/C50644808,RELATED_TO
https://openalex.org/W2118020653,https://openalex.org/A5063975186,WRITTEN_BY
https://openalex.org/A5063975186,https://openalex.org/I4210107558,AFFILIATED_WITH
https://openalex.org/W2118020653,https://openalex.org/C41008148,RELATED_TO
https://openalex.org/W2118020653,https://openalex.org/C94124525,RELATED_TO
https://openalex.org/W2118020653,https://openalex.org/C63000827,RELATED_TO
https://openalex.org/W2118020653,https://openalex.org/C154945302,RELATED_TO
https://openalex.org/W2118020653,https://openalex.org/C95623464,RELATED_TO
https://openalex.org/W2118020653,https://openalex.org/C119857082,RELATED_TO
https://openalex.org/W2118020653,https://openalex.org/C2986744138,RELATED_TO
https://openalex.org/W2118020653,https://openalex.org/C204321447,RELATED_TO
https://openalex.org/W2118020653,https://openalex.org/C199360897,RELATED_TO
https://openalex.org/W2953384591,https://openalex.org/A5109387322,WRITTEN_BY
https://openalex.org/A5109387322,https://openalex.org/I1291425158,AFFILIATED_WITH
https://openalex.org/W2953384591,https://openalex.org/A5110193634,WRITTEN_BY
https://openalex.org/A5110193634,https://openalex.org/I1291425158,AFFILIATED_WITH
https://openalex.org/W2953384591,https://openalex.org/A5100665512,WRITTEN_BY
https://openalex.org/A5100665512,https://openalex.org/I1291425158,AFFILIATED_WITH
https://openalex.org/W2953384591,https://openalex.org/A5100715424,WRITTEN_BY
https://openalex.org/A5100715424,https://openalex.org/I1291425158,AFFILIATED_WITH
https://openalex.org/W2953384591,https://openalex.org/A5068599616,WRITTEN_BY
https://openalex.org/A5068599616,https://openalex.org/I1291425158,AFFILIATED_WITH
https://openalex.org/W2953384591,https://openalex.org/A5043872671,WRITTEN_BY
https://openalex.org/A5043872671,https://openalex.org/I1291425158,AFFILIATED_WITH
https://openalex.org/W2953384591,https://openalex.org/A5004386681,WRITTEN_BY
https://openalex.org/A5004386681,https://openalex.org/I1291425158,AFFILIATED_WITH
https://openalex.org/W2953384591,https://openalex.org/A5012998255,WRITTEN_BY
https://openalex.org/A5012998255,https://openalex.org/I1291425158,AFFILIATED_WITH
https://openalex.org/W2953384591,https://openalex.org/A5029611587,WRITTEN_BY
https://openalex.org/A5029611587,https://openalex.org/I1291425158,AFFILIATED_WITH
https://openalex.org/W2953384591,https://openalex.org/A5089543053,WRITTEN_BY
https://openalex.org/A5089543053,https://openalex.org/I1291425158,AFFILIATED_WITH
https://openalex.org/W2953384591,https://openalex.org/A5000650022,WRITTEN_BY
https://openalex.org/A5000650022,https://openalex.org/I1291425158,AFFILIATED_WITH
https://openalex.org/W2953384591,https://openalex.org/A5009510257,WRITTEN_BY
https://openalex.org/A5009510257,https://openalex.org/I1291425158,AFFILIATED_WITH
https://openalex.org/W2953384591,https://openalex.org/A5024140027,WRITTEN_BY
https://openalex.org/A5024140027,https://openalex.org/I1291425158,AFFILIATED_WITH
https://openalex.org/W2953384591,https://openalex.org/A5063771762,WRITTEN_BY
https://openalex.org/A5063771762,https://openalex.org/I1291425158,AFFILIATED_WITH
https://openalex.org/W2953384591,https://openalex.org/A5067335143,WRITTEN_BY
https://openalex.org/A5067335143,https://openalex.org/I1291425158,AFFILIATED_WITH
https://openalex.org/W2953384591,https://openalex.org/A5028992619,WRITTEN_BY
https://openalex.org/A5028992619,https://openalex.org/I1291425158,AFFILIATED_WITH
https://openalex.org/W2953384591,https://openalex.org/A5016586245,WRITTEN_BY
https://openalex.org/A5016586245,https://openalex.org/I1291425158,AFFILIATED_WITH
https://openalex.org/W2953384591,https://openalex.org/A5004650249,WRITTEN_BY
https://openalex.org/A5004650249,https://openalex.org/I1291425158,AFFILIATED_WITH
https://openalex.org/W2953384591,https://openalex.org/A5014405928,WRITTEN_BY
https://openalex.org/A5014405928,https://openalex.org/I1291425158,AFFILIATED_WITH
https://openalex.org/W2953384591,https://openalex.org/A5080764662,WRITTEN_BY
https://openalex.org/A5080764662,https://openalex.org/I1291425158,AFFILIATED_WITH
https://openalex.org/W2953384591,https://openalex.org/A5104075606,WRITTEN_BY
https://openalex.org/A5104075606,https://openalex.org/I1291425158,AFFILIATED_WITH
https://openalex.org/W2953384591,https://openalex.org/A5102988664,WRITTEN_BY
https://openalex.org/A5102988664,https://openalex.org/I1291425158,AFFILIATED_WITH
https://openalex.org/W2953384591,https://openalex.org/C2778755073,RELATED_TO
https://openalex.org/W2953384591,https://openalex.org/C41008148,RELATED_TO
https://openalex.org/W2953384591,https://openalex.org/C154945302,RELATED_TO
https://openalex.org/W2953384591,https://openalex.org/C119857082,RELATED_TO
https://openalex.org/W2953384591,https://openalex.org/C58640448,RELATED_TO
https://openalex.org/W2953384591,https://openalex.org/C205649164,RELATED_TO
https://openalex.org/W2913668833,https://openalex.org/A5051617344,WRITTEN_BY
https://openalex.org/A5051617344,https://openalex.org/I74973139,AFFILIATED_WITH
https://openalex.org/W2913668833,https://openalex.org/A5107835063,WRITTEN_BY
https://openalex.org/A5107835063,https://openalex.org/I24603500,AFFILIATED_WITH
https://openalex.org/W2913668833,https://openalex.org/A5003010184,WRITTEN_BY
https://openalex.org/A5003010184,https://openalex.org/I185261750,AFFILIATED_WITH
https://openalex.org/A5003010184,https://openalex.org/I1291425158,AFFILIATED_WITH
https://openalex.org/W2913668833,https://openalex.org/C2777601897,RELATED_TO
https://openalex.org/W2913668833,https://openalex.org/C161191863,RELATED_TO
https://openalex.org/W2913668833,https://openalex.org/C41008148,RELATED_TO
https://openalex.org/W2913668833,https://openalex.org/C509550671,RELATED_TO
https://openalex.org/W2913668833,https://openalex.org/C154945302,RELATED_TO
https://openalex.org/W2913668833,https://openalex.org/C71924100,RELATED_TO
https://openalex.org/W2913668833,https://openalex.org/C126838900,RELATED_TO
https://openalex.org/W1506806321,https://openalex.org/A5052891951,WRITTEN_BY
https://openalex.org/W1506806321,https://openalex.org/C154945302,RELATED_TO
https://openalex.org/W1506806321,https://openalex.org/C41008148,RELATED_TO
https://openalex.org/W1506806321,https://openalex.org/C105795698,RELATED_TO
https://openalex.org/W1506806321,https://openalex.org/C153180895,RELATED_TO
https://openalex.org/W1506806321,https://openalex.org/C119857082,RELATED_TO
https://openalex.org/W1506806321,https://openalex.org/C33923547,RELATED_TO
https://openalex.org/W2149684865,https://openalex.org/A5014687727,WRITTEN_BY
https://openalex.org/A5014687727,https://openalex.org/I200332995,AFFILIATED_WITH
https://openalex.org/W2149684865,https://openalex.org/C41008148,RELATED_TO
https://openalex.org/W2149684865,https://openalex.org/C12267149,RELATED_TO
https://openalex.org/W2149684865,https://openalex.org/C119857082,RELATED_TO
https://openalex.org/W2149684865,https://openalex.org/C154945302,RELATED_TO
https://openalex.org/W2149684865,https://openalex.org/C94124525,RELATED_TO
https://openalex.org/W2149684865,https://openalex.org/C136197465,RELATED_TO
https://openalex.org/W2149684865,https://openalex.org/C2780451532,RELATED_TO
https://openalex.org/W2149684865,https://openalex.org/C2986744138,RELATED_TO
https://openalex.org/W2149684865,https://openalex.org/C120936955,RELATED_TO
https://openalex.org/W2149684865,https://openalex.org/C138885662,RELATED_TO
https://openalex.org/W2149684865,https://openalex.org/C187736073,RELATED_TO
https://openalex.org/W2149684865,https://openalex.org/C111472728,RELATED_TO
https://openalex.org/W2149684865,https://openalex.org/C162324750,RELATED_TO
https://openalex.org/W2271840356,https://openalex.org/A5109387322,WRITTEN_BY
https://openalex.org/W2271840356,https://openalex.org/A5027820479,WRITTEN_BY
https://openalex.org/W2271840356,https://openalex.org/A5110193634,WRITTEN_BY
https://openalex.org/W2271840356,https://openalex.org/A5047736127,WRITTEN_BY
https://openalex.org/W2271840356,https://openalex.org/A5100715424,WRITTEN_BY
https://openalex.org/W2271840356,https://openalex.org/A5069624169,WRITTEN_BY
https://openalex.org/W2271840356,https://openalex.org/A5066927687,WRITTEN_BY
https://openalex.org/W2271840356,https://openalex.org/A5068599616,WRITTEN_BY
https://openalex.org/W2271840356,https://openalex.org/A5043872671,WRITTEN_BY
https://openalex.org/W2271840356,https://openalex.org/A5004386681,WRITTEN_BY
https://openalex.org/W2271840356,https://openalex.org/A5012998255,WRITTEN_BY
https://openalex.org/W2271840356,https://openalex.org/A5004271128,WRITTEN_BY
https://openalex.org/W2271840356,https://openalex.org/A5064042510,WRITTEN_BY
https://openalex.org/W2271840356,https://openalex.org/A5029611587,WRITTEN_BY
https://openalex.org/W2271840356,https://openalex.org/A5089543053,WRITTEN_BY
https://openalex.org/W2271840356,https://openalex.org/A5110220840,WRITTEN_BY
https://openalex.org/W2271840356,https://openalex.org/A5067370075,WRITTEN_BY
https://openalex.org/W2271840356,https://openalex.org/A5031789995,WRITTEN_BY
https://openalex.org/W2271840356,https://openalex.org/A5000650022,WRITTEN_BY
https://openalex.org/W2271840356,https://openalex.org/A5009510257,WRITTEN_BY
https://openalex.org/W2271840356,https://openalex.org/A5045113162,WRITTEN_BY
https://openalex.org/W2271840356,https://openalex.org/A5024140027,WRITTEN_BY
https://openalex.org/W2271840356,https://openalex.org/A5063771762,WRITTEN_BY
https://openalex.org/W2271840356,https://openalex.org/A5067335143,WRITTEN_BY
https://openalex.org/W2271840356,https://openalex.org/A5039751155,WRITTEN_BY
https://openalex.org/W2271840356,https://openalex.org/A5113452656,WRITTEN_BY
https://openalex.org/W2271840356,https://openalex.org/A5032356827,WRITTEN_BY
https://openalex.org/W2271840356,https://openalex.org/A5028992619,WRITTEN_BY
https://openalex.org/W2271840356,https://openalex.org/A5006446297,WRITTEN_BY
https://openalex.org/W2271840356,https://openalex.org/A5080065269,WRITTEN_BY
https://openalex.org/W2271840356,https://openalex.org/A5016586245,WRITTEN_BY
https://openalex.org/W2271840356,https://openalex.org/A5013813527,WRITTEN_BY
https://openalex.org/W2271840356,https://openalex.org/A5004650249,WRITTEN_BY
https://openalex.org/W2271840356,https://openalex.org/A5059594867,WRITTEN_BY
https://openalex.org/W2271840356,https://openalex.org/A5003562101,WRITTEN_BY
https://openalex.org/W2271840356,https://openalex.org/A5014405928,WRITTEN_BY
https://openalex.org/W2271840356,https://openalex.org/A5039276358,WRITTEN_BY
https://openalex.org/W2271840356,https://openalex.org/A5080764662,WRITTEN_BY
https://openalex.org/W2271840356,https://openalex.org/A5104075606,WRITTEN_BY
https://openalex.org/W2271840356,https://openalex.org/A5102988664,WRITTEN_BY
https://openalex.org/W2271840356,https://openalex.org/C2778755073,RELATED_TO
https://openalex.org/W2271840356,https://openalex.org/C41008148,RELATED_TO
https://openalex.org/W2271840356,https://openalex.org/C154945302,RELATED_TO
https://openalex.org/W2271840356,https://openalex.org/C119857082,RELATED_TO
https://openalex.org/W2271840356,https://openalex.org/C120314980,RELATED_TO
https://openalex.org/W2271840356,https://openalex.org/C205649164,RELATED_TO
https://openalex.org/W2271840356,https://openalex.org/C58640448,RELATED_TO
https://openalex.org/W1901616594,https://openalex.org/A5049812527,WRITTEN_BY
https://openalex.org/A5049812527,https://openalex.org/I95457486,AFFILIATED_WITH
https://openalex.org/W1901616594,https://openalex.org/A5102921433,WRITTEN_BY
https://openalex.org/A5102921433,https://openalex.org/I74973139,AFFILIATED_WITH
https://openalex.org/W1901616594,https://openalex.org/C64543145,RELATED_TO
https://openalex.org/W1901616594,https://openalex.org/C41008148,RELATED_TO
https://openalex.org/W1901616594,https://openalex.org/C154945302,RELATED_TO
https://openalex.org/W1901616594,https://openalex.org/C2164484,RELATED_TO
https://openalex.org/W1901616594,https://openalex.org/C2522767166,RELATED_TO
https://openalex.org/W1901616594,https://openalex.org/C119857082,RELATED_TO
https://openalex.org/W1901616594,https://openalex.org/C75684735,RELATED_TO
https://openalex.org/W1901616594,https://openalex.org/C45374587,RELATED_TO
https://openalex.org/W1901616594,https://openalex.org/C119421448,RELATED_TO
https://openalex.org/W1901616594,https://openalex.org/C127413603,RELATED_TO
https://openalex.org/W1901616594,https://openalex.org/C124101348,RELATED_TO
https://openalex.org/W1901616594,https://openalex.org/C71924100,RELATED_TO
https://openalex.org/W1901616594,https://openalex.org/C76155785,RELATED_TO
https://openalex.org/W1901616594,https://openalex.org/C126838900,RELATED_TO
https://openalex.org/W1901616594,https://openalex.org/C11413529,RELATED_TO
https://openalex.org/W1901616594,https://openalex.org/C146978453,RELATED_TO
https://openalex.org/W2155653793,https://openalex.org/A5042053820,WRITTEN_BY
https://openalex.org/A5042053820,https://openalex.org/I165143802,AFFILIATED_WITH
https://openalex.org/W2155653793,https://openalex.org/C11413529,RELATED_TO
https://openalex.org/W2155653793,https://openalex.org/C58471807,RELATED_TO
https://openalex.org/W2155653793,https://openalex.org/C119857082,RELATED_TO
https://openalex.org/W2155653793,https://openalex.org/C154945302,RELATED_TO
https://openalex.org/W2155653793,https://openalex.org/C60908668,RELATED_TO
https://openalex.org/W2155653793,https://openalex.org/C41008148,RELATED_TO
https://openalex.org/W2155653793,https://openalex.org/C78397625,RELATED_TO
https://openalex.org/W2155653793,https://openalex.org/C179717631,RELATED_TO
https://openalex.org/W2155653793,https://openalex.org/C33923547,RELATED_TO
https://openalex.org/W2155653793,https://openalex.org/C50644808,RELATED_TO
https://openalex.org/W2402144811,https://openalex.org/A5109387322,WRITTEN_BY
https://openalex.org/A5109387322,https://openalex.org/I1291425158,AFFILIATED_WITH
https://openalex.org/W2402144811,https://openalex.org/A5110193634,WRITTEN_BY
https://openalex.org/A5110193634,https://openalex.org/I1291425158,AFFILIATED_WITH
https://openalex.org/W2402144811,https://openalex.org/A5100665512,WRITTEN_BY
https://openalex.org/A5100665512,https://openalex.org/I1291425158,AFFILIATED_WITH
https://openalex.org/W2402144811,https://openalex.org/A5100715421,WRITTEN_BY
https://openalex.org/A5100715421,https://openalex.org/I1291425158,AFFILIATED_WITH
https://openalex.org/W2402144811,https://openalex.org/A5068599616,WRITTEN_BY
https://openalex.org/A5068599616,https://openalex.org/I1291425158,AFFILIATED_WITH
https://openalex.org/W2402144811,https://openalex.org/A5043872671,WRITTEN_BY
https://openalex.org/A5043872671,https://openalex.org/I1291425158,AFFILIATED_WITH
https://openalex.org/W2402144811,https://openalex.org/A5004386681,WRITTEN_BY
https://openalex.org/A5004386681,https://openalex.org/I1291425158,AFFILIATED_WITH
https://openalex.org/W2402144811,https://openalex.org/A5012998255,WRITTEN_BY
https://openalex.org/A5012998255,https://openalex.org/I1291425158,AFFILIATED_WITH
https://openalex.org/W2402144811,https://openalex.org/A5029611587,WRITTEN_BY
https://openalex.org/A5029611587,https://openalex.org/I1291425158,AFFILIATED_WITH
https://openalex.org/W2402144811,https://openalex.org/A5089543053,WRITTEN_BY
https://openalex.org/A5089543053,https://openalex.org/I1291425158,AFFILIATED_WITH
https://openalex.org/W2402144811,https://openalex.org/A5000650022,WRITTEN_BY
https://openalex.org/A5000650022,https://openalex.org/I1291425158,AFFILIATED_WITH
https://openalex.org/W2402144811,https://openalex.org/A5009510257,WRITTEN_BY
https://openalex.org/A5009510257,https://openalex.org/I1291425158,AFFILIATED_WITH
https://openalex.org/W2402144811,https://openalex.org/A5024140027,WRITTEN_BY
https://openalex.org/A5024140027,https://openalex.org/I1291425158,AFFILIATED_WITH
https://openalex.org/W2402144811,https://openalex.org/A5063771762,WRITTEN_BY
https://openalex.org/A5063771762,https://openalex.org/I1291425158,AFFILIATED_WITH
https://openalex.org/W2402144811,https://openalex.org/A5067335143,WRITTEN_BY
https://openalex.org/A5067335143,https://openalex.org/I1291425158,AFFILIATED_WITH
https://openalex.org/W2402144811,https://openalex.org/A5028992619,WRITTEN_BY
https://openalex.org/A5028992619,https://openalex.org/I1291425158,AFFILIATED_WITH
https://openalex.org/W2402144811,https://openalex.org/A5016586245,WRITTEN_BY
https://openalex.org/A5016586245,https://openalex.org/I1291425158,AFFILIATED_WITH
https://openalex.org/W2402144811,https://openalex.org/A5004650249,WRITTEN_BY
https://openalex.org/A5004650249,https://openalex.org/I1291425158,AFFILIATED_WITH
https://openalex.org/W2402144811,https://openalex.org/A5014405928,WRITTEN_BY
https://openalex.org/A5014405928,https://openalex.org/I1291425158,AFFILIATED_WITH
https://openalex.org/W2402144811,https://openalex.org/A5080764662,WRITTEN_BY
https://openalex.org/A5080764662,https://openalex.org/I1291425158,AFFILIATED_WITH
https://openalex.org/W2402144811,https://openalex.org/A5104075606,WRITTEN_BY
https://openalex.org/A5104075606,https://openalex.org/I1291425158,AFFILIATED_WITH
https://openalex.org/W2402144811,https://openalex.org/A5102988664,WRITTEN_BY
https://openalex.org/A5102988664,https://openalex.org/I1291425158,AFFILIATED_WITH
https://openalex.org/W2402144811,https://openalex.org/C96324660,RELATED_TO
https://openalex.org/W2402144811,https://openalex.org/C41008148,RELATED_TO
https://openalex.org/W2402144811,https://openalex.org/C154945302,RELATED_TO
https://openalex.org/W2402144811,https://openalex.org/C78766204,RELATED_TO
https://openalex.org/W2402144811,https://openalex.org/C119857082,RELATED_TO
https://openalex.org/W2402144811,https://openalex.org/C118524514,RELATED_TO
https://openalex.org/W2402144811,https://openalex.org/C108583219,RELATED_TO
https://openalex.org/W2402144811,https://openalex.org/C48044578,RELATED_TO
https://openalex.org/W2402144811,https://openalex.org/C2776214188,RELATED_TO
https://openalex.org/W2402144811,https://openalex.org/C50644808,RELATED_TO
https://openalex.org/W2402144811,https://openalex.org/C176727019,RELATED_TO
https://openalex.org/W2402144811,https://openalex.org/C45374587,RELATED_TO
https://openalex.org/W2402144811,https://openalex.org/C120314980,RELATED_TO
https://openalex.org/W2402144811,https://openalex.org/C173608175,RELATED_TO
https://openalex.org/W2402144811,https://openalex.org/C199360897,RELATED_TO
https://openalex.org/W2402144811,https://openalex.org/C111919701,RELATED_TO
https://openalex.org/W1502922572,https://openalex.org/A5108711177,WRITTEN_BY
https://openalex.org/A5108711177,https://openalex.org/I4210112925,AFFILIATED_WITH
https://openalex.org/W1502922572,https://openalex.org/C41008148,RELATED_TO
https://openalex.org/W1502922572,https://openalex.org/C8642999,RELATED_TO
https://openalex.org/W1502922572,https://openalex.org/C61326573,RELATED_TO
https://openalex.org/W1502922572,https://openalex.org/C192209626,RELATED_TO
https://openalex.org/W1502922572,https://openalex.org/C119857082,RELATED_TO
https://openalex.org/W1502922572,https://openalex.org/C154945302,RELATED_TO
https://openalex.org/W1502922572,https://openalex.org/C98045186,RELATED_TO
https://openalex.org/W1502922572,https://openalex.org/C163716315,RELATED_TO
https://openalex.org/W1502922572,https://openalex.org/C95923904,RELATED_TO
https://openalex.org/W1502922572,https://openalex.org/C2780586882,RELATED_TO
https://openalex.org/W1502922572,https://openalex.org/C81692654,RELATED_TO
https://openalex.org/W1502922572,https://openalex.org/C165216359,RELATED_TO
https://openalex.org/W1502922572,https://openalex.org/C11413529,RELATED_TO
https://openalex.org/W1502922572,https://openalex.org/C126255220,RELATED_TO
https://openalex.org/W1502922572,https://openalex.org/C122123141,RELATED_TO
https://openalex.org/W1502922572,https://openalex.org/C105795698,RELATED_TO
https://openalex.org/W1502922572,https://openalex.org/C33923547,RELATED_TO
https://openalex.org/W1502922572,https://openalex.org/C107673813,RELATED_TO
https://openalex.org/W1502922572,https://openalex.org/C138885662,RELATED_TO
https://openalex.org/W1502922572,https://openalex.org/C121332964,RELATED_TO
https://openalex.org/W1502922572,https://openalex.org/C111472728,RELATED_TO
https://openalex.org/W1502922572,https://openalex.org/C62520636,RELATED_TO
https://openalex.org/W1502922572,https://openalex.org/C120665830,RELATED_TO
https://openalex.org/W1502922572,https://openalex.org/C111919701,RELATED_TO
https://openalex.org/W1583837637,https://openalex.org/A5005003250,WRITTEN_BY
https://openalex.org/W1583837637,https://openalex.org/A5080591144,WRITTEN_BY
https://openalex.org/A5080591144,https://openalex.org/I2801032651,AFFILIATED_WITH
https://openalex.org/W1583837637,https://openalex.org/C2777601897,RELATED_TO
https://openalex.org/W1583837637,https://openalex.org/C161191863,RELATED_TO
https://openalex.org/W1583837637,https://openalex.org/C41008148,RELATED_TO
https://openalex.org/W1583837637,https://openalex.org/C509550671,RELATED_TO
https://openalex.org/W1583837637,https://openalex.org/C71924100,RELATED_TO
https://openalex.org/W1583837637,https://openalex.org/C126838900,RELATED_TO
https://openalex.org/W2131241448,https://openalex.org/A5112347601,WRITTEN_BY
https://openalex.org/A5112347601,https://openalex.org/I185261750,AFFILIATED_WITH
https://openalex.org/W2131241448,https://openalex.org/A5019862529,WRITTEN_BY
https://openalex.org/A5019862529,https://openalex.org/I135117807,AFFILIATED_WITH
https://openalex.org/W2131241448,https://openalex.org/A5007769527,WRITTEN_BY
https://openalex.org/A5007769527,https://openalex.org/I136199984,AFFILIATED_WITH
https://openalex.org/W2131241448,https://openalex.org/C2778049539,RELATED_TO
https://openalex.org/W2131241448,https://openalex.org/C41008148,RELATED_TO
https://openalex.org/W2131241448,https://openalex.org/C107673813,RELATED_TO
https://openalex.org/W2131241448,https://openalex.org/C119857082,RELATED_TO
https://openalex.org/W2131241448,https://openalex.org/C154945302,RELATED_TO
https://openalex.org/W2131241448,https://openalex.org/C2987595161,RELATED_TO
https://openalex.org/W2131241448,https://openalex.org/C11413529,RELATED_TO
https://openalex.org/W2131241448,https://openalex.org/C126255220,RELATED_TO
https://openalex.org/W2131241448,https://openalex.org/C33923547,RELATED_TO
https://openalex.org/W114517082,https://openalex.org/A5019206666,WRITTEN_BY
https://openalex.org/A5019206666,https://openalex.org/I20089843,AFFILIATED_WITH
https://openalex.org/W114517082,https://openalex.org/C206688291,RELATED_TO
https://openalex.org/W114517082,https://openalex.org/C41008148,RELATED_TO
https://openalex.org/W114517082,https://openalex.org/C2778755073,RELATED_TO
https://openalex.org/W114517082,https://openalex.org/C194387892,RELATED_TO
https://openalex.org/W114517082,https://openalex.org/C153258448,RELATED_TO
https://openalex.org/W114517082,https://openalex.org/C177264268,RELATED_TO
https://openalex.org/W114517082,https://openalex.org/C115903097,RELATED_TO
https://openalex.org/W114517082,https://openalex.org/C2779343474,RELATED_TO
https://openalex.org/W114517082,https://openalex.org/C198531522,RELATED_TO
https://openalex.org/W114517082,https://openalex.org/C154945302,RELATED_TO
https://openalex.org/W114517082,https://openalex.org/C11413529,RELATED_TO
https://openalex.org/W114517082,https://openalex.org/C126255220,RELATED_TO
https://openalex.org/W114517082,https://openalex.org/C119857082,RELATED_TO
https://openalex.org/W114517082,https://openalex.org/C33923547,RELATED_TO
https://openalex.org/W114517082,https://openalex.org/C77967617,RELATED_TO
https://openalex.org/W114517082,https://openalex.org/C50644808,RELATED_TO
https://openalex.org/W114517082,https://openalex.org/C151730666,RELATED_TO
https://openalex.org/W114517082,https://openalex.org/C185592680,RELATED_TO
https://openalex.org/W114517082,https://openalex.org/C121332964,RELATED_TO
https://openalex.org/W114517082,https://openalex.org/C62520636,RELATED_TO
https://openalex.org/W114517082,https://openalex.org/C43617362,RELATED_TO
https://openalex.org/W114517082,https://openalex.org/C86803240,RELATED_TO
https://openalex.org/W114517082,https://openalex.org/C199360897,RELATED_TO
https://openalex.org/W1680797894,https://openalex.org/A5015779172,WRITTEN_BY
https://openalex.org/A5015779172,https://openalex.org/I31746571,AFFILIATED_WITH
https://openalex.org/W1680797894,https://openalex.org/A5058054791,WRITTEN_BY
https://openalex.org/W1680797894,https://openalex.org/C148863701,RELATED_TO
https://openalex.org/W1680797894,https://openalex.org/C41008148,RELATED_TO
https://openalex.org/W1680797894,https://openalex.org/C154945302,RELATED_TO
https://openalex.org/W1680797894,https://openalex.org/C2522767166,RELATED_TO
https://openalex.org/W1680797894,https://openalex.org/C161191863,RELATED_TO
https://openalex.org/W1541288193,https://openalex.org/A5110057218,WRITTEN_BY
https://openalex.org/A5110057218,https://openalex.org/I17301866,AFFILIATED_WITH
https://openalex.org/W1541288193,https://openalex.org/A5071875770,WRITTEN_BY
https://openalex.org/A5071875770,https://openalex.org/I27837315,AFFILIATED_WITH
https://openalex.org/W1541288193,https://openalex.org/C33923547,RELATED_TO
https://openalex.org/W1541288193,https://openalex.org/C154945302,RELATED_TO
https://openalex.org/W1541288193,https://openalex.org/C41008148,RELATED_TO
https://openalex.org/W3198350258,https://openalex.org/A5103515726,WRITTEN_BY
https://openalex.org/W3198350258,https://openalex.org/C41008148,RELATED_TO
https://openalex.org/W3198350258,https://openalex.org/C154945302,RELATED_TO
https://openalex.org/W3198350258,https://openalex.org/C119857082,RELATED_TO
https://openalex.org/W2594639291,https://openalex.org/C154945302,RELATED_TO
https://openalex.org/W2594639291,https://openalex.org/C41008148,RELATED_TO
https://openalex.org/W2594639291,https://openalex.org/C153180895,RELATED_TO
https://openalex.org/W2594639291,https://openalex.org/C15744967,RELATED_TO
https://openalex.org/W1532362218,https://openalex.org/A5076168268,WRITTEN_BY
https://openalex.org/A5076168268,https://openalex.org/I241749,AFFILIATED_WITH
https://openalex.org/W1532362218,https://openalex.org/A5017469047,WRITTEN_BY
https://openalex.org/A5017469047,https://openalex.org/I241749,AFFILIATED_WITH
https://openalex.org/W1532362218,https://openalex.org/C94915269,RELATED_TO
https://openalex.org/W1532362218,https://openalex.org/C61265191,RELATED_TO
https://openalex.org/W1532362218,https://openalex.org/C41008148,RELATED_TO
https://openalex.org/W1532362218,https://openalex.org/C3261483,RELATED_TO
https://openalex.org/W1532362218,https://openalex.org/C154945302,RELATED_TO
https://openalex.org/W1532362218,https://openalex.org/C39499422,RELATED_TO
https://openalex.org/W1532362218,https://openalex.org/C126042441,RELATED_TO
https://openalex.org/W1532362218,https://openalex.org/C2776401178,RELATED_TO
https://openalex.org/W1532362218,https://openalex.org/C31972630,RELATED_TO
https://openalex.org/W1532362218,https://openalex.org/C98045186,RELATED_TO
https://openalex.org/W1532362218,https://openalex.org/C68339613,RELATED_TO
https://openalex.org/W1532362218,https://openalex.org/C52622490,RELATED_TO
https://openalex.org/W1532362218,https://openalex.org/C153180895,RELATED_TO
https://openalex.org/W1532362218,https://openalex.org/C115961682,RELATED_TO
https://openalex.org/W1532362218,https://openalex.org/C76155785,RELATED_TO
https://openalex.org/W1532362218,https://openalex.org/C41895202,RELATED_TO
https://openalex.org/W1532362218,https://openalex.org/C138885662,RELATED_TO
https://openalex.org/W1532362218,https://openalex.org/C111919701,RELATED_TO
https://openalex.org/W2750384547,https://openalex.org/A5034144249,WRITTEN_BY
https://openalex.org/W2750384547,https://openalex.org/A5075846365,WRITTEN_BY
https://openalex.org/W2750384547,https://openalex.org/A5011375551,WRITTEN_BY
https://openalex.org/W2750384547,https://openalex.org/C190502265,RELATED_TO
https://openalex.org/W2750384547,https://openalex.org/C86251818,RELATED_TO
https://openalex.org/W2750384547,https://openalex.org/C154945302,RELATED_TO
https://openalex.org/W2750384547,https://openalex.org/C78201319,RELATED_TO
https://openalex.org/W2750384547,https://openalex.org/C41008148,RELATED_TO
https://openalex.org/W2750384547,https://openalex.org/C177264268,RELATED_TO
https://openalex.org/W2750384547,https://openalex.org/C169903167,RELATED_TO
https://openalex.org/W2750384547,https://openalex.org/C153180895,RELATED_TO
https://openalex.org/W2750384547,https://openalex.org/C115961682,RELATED_TO
https://openalex.org/W2750384547,https://openalex.org/C119857082,RELATED_TO
https://openalex.org/W2750384547,https://openalex.org/C11413529,RELATED_TO
https://openalex.org/W2750384547,https://openalex.org/C108583219,RELATED_TO
https://openalex.org/W2750384547,https://openalex.org/C162853370,RELATED_TO
https://openalex.org/W2750384547,https://openalex.org/C144133560,RELATED_TO
https://openalex.org/W2750384547,https://openalex.org/C199360897,RELATED_TO
https://openalex.org/W1495061682,https://openalex.org/A5056507889,WRITTEN_BY
https://openalex.org/W1495061682,https://openalex.org/C154945302,RELATED_TO
https://openalex.org/W1495061682,https://openalex.org/C148483581,RELATED_TO
https://openalex.org/W1495061682,https://openalex.org/C119857082,RELATED_TO
https://openalex.org/W1495061682,https://openalex.org/C2776401178,RELATED_TO
https://openalex.org/W1495061682,https://openalex.org/C41008148,RELATED_TO
https://openalex.org/W1495061682,https://openalex.org/C153180895,RELATED_TO
https://openalex.org/W1495061682,https://openalex.org/C173801870,RELATED_TO
https://openalex.org/W1495061682,https://openalex.org/C52001869,RELATED_TO
https://openalex.org/W1495061682,https://openalex.org/C158154518,RELATED_TO
https://openalex.org/W1495061682,https://openalex.org/C117220453,RELATED_TO
https://openalex.org/W1495061682,https://openalex.org/C177264268,RELATED_TO
https://openalex.org/W1495061682,https://openalex.org/C84525736,RELATED_TO
https://openalex.org/W1495061682,https://openalex.org/C124101348,RELATED_TO
https://openalex.org/W1495061682,https://openalex.org/C12267149,RELATED_TO
https://openalex.org/W1495061682,https://openalex.org/C33923547,RELATED_TO
https://openalex.org/W1495061682,https://openalex.org/C138885662,RELATED_TO
https://openalex.org/W1495061682,https://openalex.org/C41895202,RELATED_TO
https://openalex.org/W1495061682,https://openalex.org/C2524010,RELATED_TO
https://openalex.org/W1495061682,https://openalex.org/C17744445,RELATED_TO
https://openalex.org/W1495061682,https://openalex.org/C199539241,RELATED_TO
https://openalex.org/W1495061682,https://openalex.org/C199360897,RELATED_TO
https://openalex.org/W1873332500,https://openalex.org/A5066370772,WRITTEN_BY
https://openalex.org/W1873332500,https://openalex.org/C119857082,RELATED_TO
https://openalex.org/W1873332500,https://openalex.org/C154945302,RELATED_TO
https://openalex.org/W1873332500,https://openalex.org/C41008148,RELATED_TO
https://openalex.org/W1873332500,https://openalex.org/C95623464,RELATED_TO
https://openalex.org/W1873332500,https://openalex.org/C136389625,RELATED_TO
https://openalex.org/W1873332500,https://openalex.org/C34872919,RELATED_TO
https://openalex.org/W1873332500,https://openalex.org/C2777212361,RELATED_TO
https://openalex.org/W1873332500,https://openalex.org/C58973888,RELATED_TO
https://openalex.org/W1873332500,https://openalex.org/C50644808,RELATED_TO
https://openalex.org/W2912213068,https://openalex.org/A5100636286,WRITTEN_BY
https://openalex.org/A5100636286,https://openalex.org/I200769079,AFFILIATED_WITH
https://openalex.org/A5100636286,https://openalex.org/I889458895,AFFILIATED_WITH
https://openalex.org/W2912213068,https://openalex.org/A5100356161,WRITTEN_BY
https://openalex.org/W2912213068,https://openalex.org/A5068882233,WRITTEN_BY
https://openalex.org/W2912213068,https://openalex.org/A5051874566,WRITTEN_BY
https://openalex.org/A5051874566,https://openalex.org/I82880672,AFFILIATED_WITH
https://openalex.org/W2912213068,https://openalex.org/C41008148,RELATED_TO
https://openalex.org/W2912213068,https://openalex.org/C2992525071,RELATED_TO
https://openalex.org/W2912213068,https://openalex.org/C150899416,RELATED_TO
https://openalex.org/W2912213068,https://openalex.org/C154945302,RELATED_TO
https://openalex.org/W2912213068,https://openalex.org/C2522767166,RELATED_TO
https://openalex.org/W2912213068,https://openalex.org/C38652104,RELATED_TO
https://openalex.org/W1485009520,https://openalex.org/A5091515481,WRITTEN_BY
https://openalex.org/A5091515481,https://openalex.org/I200769079,AFFILIATED_WITH
https://openalex.org/A5091515481,https://openalex.org/I889458895,AFFILIATED_WITH
https://openalex.org/W1485009520,https://openalex.org/A5018500051,WRITTEN_BY
https://openalex.org/A5018500051,https://openalex.org/I200769079,AFFILIATED_WITH
https://openalex.org/A5018500051,https://openalex.org/I889458895,AFFILIATED_WITH
https://openalex.org/W1485009520,https://openalex.org/A5100663938,WRITTEN_BY
https://openalex.org/A5100663938,https://openalex.org/I200769079,AFFILIATED_WITH
https://openalex.org/A5100663938,https://openalex.org/I889458895,AFFILIATED_WITH
https://openalex.org/W1485009520,https://openalex.org/A5073139380,WRITTEN_BY
https://openalex.org/A5073139380,https://openalex.org/I200769079,AFFILIATED_WITH
https://openalex.org/A5073139380,https://openalex.org/I889458895,AFFILIATED_WITH
https://openalex.org/W1485009520,https://openalex.org/A5101899480,WRITTEN_BY
https://openalex.org/A5101899480,https://openalex.org/I4210104672,AFFILIATED_WITH
https://openalex.org/W1485009520,https://openalex.org/A5057734311,WRITTEN_BY
https://openalex.org/A5057734311,https://openalex.org/I4210104672,AFFILIATED_WITH
https://openalex.org/W1485009520,https://openalex.org/C2781013037,RELATED_TO
https://openalex.org/W1485009520,https://openalex.org/C41008148,RELATED_TO
https://openalex.org/W1485009520,https://openalex.org/C81363708,RELATED_TO
https://openalex.org/W1485009520,https://openalex.org/C154945302,RELATED_TO
https://openalex.org/W1485009520,https://openalex.org/C107054158,RELATED_TO
https://openalex.org/W1485009520,https://openalex.org/C48103436,RELATED_TO
https://openalex.org/W1485009520,https://openalex.org/C119857082,RELATED_TO
https://openalex.org/W1485009520,https://openalex.org/C12713177,RELATED_TO
https://openalex.org/W1485009520,https://openalex.org/C153180895,RELATED_TO
https://openalex.org/W1485009520,https://openalex.org/C11413529,RELATED_TO
https://openalex.org/W1485009520,https://openalex.org/C153294291,RELATED_TO
https://openalex.org/W1485009520,https://openalex.org/C205649164,RELATED_TO
https://openalex.org/W2040884411,https://openalex.org/A5024803432,WRITTEN_BY
https://openalex.org/A5024803432,https://openalex.org/I74973139,AFFILIATED_WITH
https://openalex.org/W2040884411,https://openalex.org/A5081275482,WRITTEN_BY
https://openalex.org/A5081275482,https://openalex.org/I4210143426,AFFILIATED_WITH
https://openalex.org/A5081275482,https://openalex.org/I4210156906,AFFILIATED_WITH
https://openalex.org/W2040884411,https://openalex.org/C41008148,RELATED_TO
https://openalex.org/W2040884411,https://openalex.org/C119857082,RELATED_TO
https://openalex.org/W2040884411,https://openalex.org/C154945302,RELATED_TO
https://openalex.org/W2040884411,https://openalex.org/C192209626,RELATED_TO
https://openalex.org/W2040884411,https://openalex.org/C26517878,RELATED_TO
https://openalex.org/W2040884411,https://openalex.org/C81917197,RELATED_TO
https://openalex.org/W2040884411,https://openalex.org/C148483581,RELATED_TO
https://openalex.org/W2040884411,https://openalex.org/C18762648,RELATED_TO
https://openalex.org/W2040884411,https://openalex.org/C2522767166,RELATED_TO
https://openalex.org/W2040884411,https://openalex.org/C127413603,RELATED_TO
https://openalex.org/W2040884411,https://openalex.org/C78519656,RELATED_TO
https://openalex.org/W2040884411,https://openalex.org/C121332964,RELATED_TO
https://openalex.org/W2040884411,https://openalex.org/C38652104,RELATED_TO
https://openalex.org/W2040884411,https://openalex.org/C120665830,RELATED_TO
https://openalex.org/W2009086942,https://openalex.org/A5062571011,WRITTEN_BY
https://openalex.org/A5062571011,https://openalex.org/I185261750,AFFILIATED_WITH
https://openalex.org/W2009086942,https://openalex.org/C154945302,RELATED_TO
https://openalex.org/W2009086942,https://openalex.org/C41008148,RELATED_TO
https://openalex.org/W2009086942,https://openalex.org/C119857082,RELATED_TO
https://openalex.org/W2009086942,https://openalex.org/C153180895,RELATED_TO
https://openalex.org/W2559394418,https://openalex.org/A5079523895,WRITTEN_BY
https://openalex.org/A5079523895,https://openalex.org/I125989756,AFFILIATED_WITH
https://openalex.org/W2559394418,https://openalex.org/A5056277018,WRITTEN_BY
https://openalex.org/A5056277018,https://openalex.org/I179630473,AFFILIATED_WITH
https://openalex.org/W2559394418,https://openalex.org/A5077715469,WRITTEN_BY
https://openalex.org/A5077715469,https://openalex.org/I4210120293,AFFILIATED_WITH
https://openalex.org/W2559394418,https://openalex.org/A5003208881,WRITTEN_BY
https://openalex.org/A5003208881,https://openalex.org/I63966007,AFFILIATED_WITH
https://openalex.org/W2559394418,https://openalex.org/A5004290683,WRITTEN_BY
https://openalex.org/A5004290683,https://openalex.org/I1290206253,AFFILIATED_WITH
https://openalex.org/W2559394418,https://openalex.org/A5038060570,WRITTEN_BY
https://openalex.org/A5038060570,https://openalex.org/I63966007,AFFILIATED_WITH
https://openalex.org/W2559394418,https://openalex.org/C2779094486,RELATED_TO
https://openalex.org/W2559394418,https://openalex.org/C41008148,RELATED_TO
https://openalex.org/W2559394418,https://openalex.org/C84114770,RELATED_TO
https://openalex.org/W2559394418,https://openalex.org/C2777904410,RELATED_TO
https://openalex.org/W2559394418,https://openalex.org/C9652623,RELATED_TO
https://openalex.org/W2559394418,https://openalex.org/C58053490,RELATED_TO
https://openalex.org/W2559394418,https://openalex.org/C154945302,RELATED_TO
https://openalex.org/W2559394418,https://openalex.org/C113775141,RELATED_TO
https://openalex.org/W2559394418,https://openalex.org/C199360897,RELATED_TO
https://openalex.org/W2559394418,https://openalex.org/C121332964,RELATED_TO
https://openalex.org/W2559394418,https://openalex.org/C33923547,RELATED_TO
https://openalex.org/W2559394418,https://openalex.org/C62520636,RELATED_TO
https://openalex.org/W2559394418,https://openalex.org/C202444582,RELATED_TO
https://openalex.org/W2560674852,https://openalex.org/C41008148,RELATED_TO
https://openalex.org/W2560674852,https://openalex.org/C154945302,RELATED_TO
https://openalex.org/W2997591727,https://openalex.org/A5001344255,WRITTEN_BY
https://openalex.org/W2997591727,https://openalex.org/A5015155577,WRITTEN_BY
https://openalex.org/W2997591727,https://openalex.org/A5082193384,WRITTEN_BY
https://openalex.org/W2997591727,https://openalex.org/A5046730698,WRITTEN_BY
https://openalex.org/W2997591727,https://openalex.org/A5057304980,WRITTEN_BY
https://openalex.org/W2997591727,https://openalex.org/A5031085857,WRITTEN_BY
https://openalex.org/W2997591727,https://openalex.org/A5023292999,WRITTEN_BY
https://openalex.org/W2997591727,https://openalex.org/A5088096317,WRITTEN_BY
https://openalex.org/W2997591727,https://openalex.org/A5083564992,WRITTEN_BY
https://openalex.org/W2997591727,https://openalex.org/A5056576127,WRITTEN_BY
https://openalex.org/W2997591727,https://openalex.org/A5082383435,WRITTEN_BY
https://openalex.org/W2997591727,https://openalex.org/A5027220078,WRITTEN_BY
https://openalex.org/W2997591727,https://openalex.org/A5002306909,WRITTEN_BY
https://openalex.org/W2997591727,https://openalex.org/A5026983194,WRITTEN_BY
https://openalex.org/W2997591727,https://openalex.org/A5014917008,WRITTEN_BY
https://openalex.org/W2997591727,https://openalex.org/A5034896968,WRITTEN_BY
https://openalex.org/W2997591727,https://openalex.org/C519991488,RELATED_TO
https://openalex.org/W2997591727,https://openalex.org/C41008148,RELATED_TO
https://openalex.org/W2997591727,https://openalex.org/C154945302,RELATED_TO
https://openalex.org/W2997591727,https://openalex.org/C119857082,RELATED_TO
https://openalex.org/W2997591727,https://openalex.org/C199360897,RELATED_TO
https://openalex.org/W2115252128,https://openalex.org/A5055606271,WRITTEN_BY
https://openalex.org/W2115252128,https://openalex.org/C41008148,RELATED_TO
https://openalex.org/W2115252128,https://openalex.org/C519991488,RELATED_TO
https://openalex.org/W2115252128,https://openalex.org/C168065819,RELATED_TO
https://openalex.org/W2115252128,https://openalex.org/C119857082,RELATED_TO
https://openalex.org/W2115252128,https://openalex.org/C73555534,RELATED_TO
https://openalex.org/W2115252128,https://openalex.org/C26713055,RELATED_TO
https://openalex.org/W2115252128,https://openalex.org/C199360897,RELATED_TO
https://openalex.org/W2115252128,https://openalex.org/C154945302,RELATED_TO
https://openalex.org/W2115252128,https://openalex.org/C115903868,RELATED_TO
https://openalex.org/W2115252128,https://openalex.org/C56666940,RELATED_TO
https://openalex.org/W2115252128,https://openalex.org/C2777904410,RELATED_TO
https://openalex.org/W2115252128,https://openalex.org/C124101348,RELATED_TO
https://openalex.org/W2982720039,https://openalex.org/A5039898629,WRITTEN_BY
https://openalex.org/W2982720039,https://openalex.org/C77088390,RELATED_TO
https://openalex.org/W2982720039,https://openalex.org/C41008148,RELATED_TO
https://openalex.org/W2982720039,https://openalex.org/C154945302,RELATED_TO
https://openalex.org/W2177870565,https://openalex.org/A5026141445,WRITTEN_BY
https://openalex.org/A5026141445,https://openalex.org/I103922791,AFFILIATED_WITH
https://openalex.org/A5026141445,https://openalex.org/I180670191,AFFILIATED_WITH
https://openalex.org/W2177870565,https://openalex.org/C71924100,RELATED_TO
https://openalex.org/W2177870565,https://openalex.org/C19527891,RELATED_TO
https://openalex.org/W2177870565,https://openalex.org/C509550671,RELATED_TO
https://openalex.org/W2177870565,https://openalex.org/C177713679,RELATED_TO
https://openalex.org/W164706946,https://openalex.org/A5108711177,WRITTEN_BY
https://openalex.org/W164706946,https://openalex.org/A5080713659,WRITTEN_BY
https://openalex.org/W164706946,https://openalex.org/C41008148,RELATED_TO
https://openalex.org/W164706946,https://openalex.org/C45374587,RELATED_TO
https://openalex.org/W164706946,https://openalex.org/C154945302,RELATED_TO
https://openalex.org/W164706946,https://openalex.org/C119857082,RELATED_TO
https://openalex.org/W164706946,https://openalex.org/C50292564,RELATED_TO
https://openalex.org/W164706946,https://openalex.org/C61326573,RELATED_TO
https://openalex.org/W164706946,https://openalex.org/C163716315,RELATED_TO
https://openalex.org/W164706946,https://openalex.org/C77967617,RELATED_TO
https://openalex.org/W164706946,https://openalex.org/C11413529,RELATED_TO
https://openalex.org/W164706946,https://openalex.org/C121332964,RELATED_TO
https://openalex.org/W164706946,https://openalex.org/C62520636,RELATED_TO
https://openalex.org/W607505555,https://openalex.org/A5078263052,WRITTEN_BY
https://openalex.org/A5078263052,https://openalex.org/I197251160,AFFILIATED_WITH
https://openalex.org/W607505555,https://openalex.org/A5112193907,WRITTEN_BY
https://openalex.org/A5112193907,https://openalex.org/I151746483,AFFILIATED_WITH
https://openalex.org/W607505555,https://openalex.org/C41008148,RELATED_TO
https://openalex.org/W607505555,https://openalex.org/C154945302,RELATED_TO
https://openalex.org/W607505555,https://openalex.org/C9652623,RELATED_TO
https://openalex.org/W607505555,https://openalex.org/C119857082,RELATED_TO
https://openalex.org/W607505555,https://openalex.org/C50292564,RELATED_TO
https://openalex.org/W607505555,https://openalex.org/C112972136,RELATED_TO
https://openalex.org/W607505555,https://openalex.org/C32254414,RELATED_TO
https://openalex.org/W607505555,https://openalex.org/C206688291,RELATED_TO
https://openalex.org/W607505555,https://openalex.org/C11413529,RELATED_TO
https://openalex.org/W607505555,https://openalex.org/C2777601897,RELATED_TO
https://openalex.org/W607505555,https://openalex.org/C72134830,RELATED_TO
https://openalex.org/W607505555,https://openalex.org/C115903097,RELATED_TO
https://openalex.org/W607505555,https://openalex.org/C50644808,RELATED_TO
https://openalex.org/W607505555,https://openalex.org/C33923547,RELATED_TO
https://openalex.org/W607505555,https://openalex.org/C71924100,RELATED_TO
https://openalex.org/W607505555,https://openalex.org/C106159729,RELATED_TO
https://openalex.org/W607505555,https://openalex.org/C202444582,RELATED_TO
https://openalex.org/W607505555,https://openalex.org/C162324750,RELATED_TO
https://openalex.org/W607505555,https://openalex.org/C126838900,RELATED_TO
https://openalex.org/W4236362309,https://openalex.org/A5078263052,WRITTEN_BY
https://openalex.org/A5078263052,https://openalex.org/I197251160,AFFILIATED_WITH
https://openalex.org/W4236362309,https://openalex.org/A5112193907,WRITTEN_BY
https://openalex.org/A5112193907,https://openalex.org/I151746483,AFFILIATED_WITH
https://openalex.org/W4236362309,https://openalex.org/C41008148,RELATED_TO
https://openalex.org/W4236362309,https://openalex.org/C154945302,RELATED_TO
https://openalex.org/W4236362309,https://openalex.org/C112972136,RELATED_TO
https://openalex.org/W4236362309,https://openalex.org/C32254414,RELATED_TO
https://openalex.org/W4236362309,https://openalex.org/C50292564,RELATED_TO
https://openalex.org/W4236362309,https://openalex.org/C119857082,RELATED_TO
https://openalex.org/W4236362309,https://openalex.org/C2777601897,RELATED_TO
https://openalex.org/W4236362309,https://openalex.org/C206688291,RELATED_TO
https://openalex.org/W4236362309,https://openalex.org/C72134830,RELATED_TO
https://openalex.org/W4236362309,https://openalex.org/C115903097,RELATED_TO
https://openalex.org/W4236362309,https://openalex.org/C50644808,RELATED_TO
https://openalex.org/W4236362309,https://openalex.org/C71924100,RELATED_TO
https://openalex.org/W4236362309,https://openalex.org/C106159729,RELATED_TO
https://openalex.org/W4236362309,https://openalex.org/C162324750,RELATED_TO
https://openalex.org/W4236362309,https://openalex.org/C126838900,RELATED_TO
https://openalex.org/W3011460294,https://openalex.org/A5018030478,WRITTEN_BY
https://openalex.org/W3011460294,https://openalex.org/C41008148,RELATED_TO
https://openalex.org/W3011460294,https://openalex.org/C154945302,RELATED_TO
https://openalex.org/W3011460294,https://openalex.org/C119857082,RELATED_TO
https://openalex.org/W3011460294,https://openalex.org/C161164918,RELATED_TO
https://openalex.org/W3011460294,https://openalex.org/C11413529,RELATED_TO
https://openalex.org/W3011460294,https://openalex.org/C8880873,RELATED_TO
https://openalex.org/W3011460294,https://openalex.org/C4935549,RELATED_TO
https://openalex.org/W2142334564,https://openalex.org/A5021483518,WRITTEN_BY
https://openalex.org/A5021483518,https://openalex.org/I98677209,AFFILIATED_WITH
https://openalex.org/W2142334564,https://openalex.org/A5006171154,WRITTEN_BY
https://openalex.org/A5006171154,https://openalex.org/I98677209,AFFILIATED_WITH
https://openalex.org/W2142334564,https://openalex.org/A5080673459,WRITTEN_BY
https://openalex.org/A5080673459,https://openalex.org/I241749,AFFILIATED_WITH
https://openalex.org/W2142334564,https://openalex.org/A5111533856,WRITTEN_BY
https://openalex.org/A5111533856,https://openalex.org/I130828816,AFFILIATED_WITH
https://openalex.org/W2142334564,https://openalex.org/C119857082,RELATED_TO
https://openalex.org/W2142334564,https://openalex.org/C154945302,RELATED_TO
https://openalex.org/W2142334564,https://openalex.org/C41008148,RELATED_TO
https://openalex.org/W2142334564,https://openalex.org/C50644808,RELATED_TO
https://openalex.org/W2142334564,https://openalex.org/C2982736386,RELATED_TO
